{
  "seq_len": 32,
  "d_model": 4,
  "toeplitz_K": 16,
  "decoder_weight": [
    -0.12444216012954712,
    0.022561311721801758,
    0.07295054197311401,
    0.11858713626861572
  ],
  "decoder_bias": 0.19621413946151733,
  "out_expected": 0.19658485054969788,
  "channels": [
    {
      "x": [
        1.764052345967664,
        1.8675579901499675,
        -0.10321885179355784,
        0.7610377251469934,
        1.4940790731576061,
        -2.5529898158340787,
        2.2697546239876076,
        1.5327792143584575,
        -0.8877857476301128,
        1.2302906807277207,
        -1.0485529650670926,
        -0.5096521817516535,
        -1.6138978475579515,
        -0.510805137568873,
        0.06651722238316789,
        -0.672460447775951,
        0.17742614225375283,
        -0.9072983643832422,
        1.1394006845433007,
        -0.8707971491818818,
        -1.1651498407833565,
        1.4882521937955997,
        -1.0707526215105425,
        0.2082749780768603,
        0.010500020720820478,
        1.8831506970562544,
        -1.17312340511416,
        1.9229420264803847,
        -0.8612256850547025,
        0.947251967773748,
        0.37642553115562943,
        -0.6945678597313655
      ],
      "coeffs": [
        -0.0031978969927877188,
        -0.0021335817873477936,
        -0.0012023205636069179,
        -0.00041526544373482466,
        0.00021922984160482883,
        0.000695708324201405,
        0.0010116449557244778,
        0.0011674719862639904,
        0.0011665107449516654,
        0.0010149013251066208,
        0.0007214507786557078,
        0.0002974712406285107,
        -0.00024344077974092215,
        -0.0008856660570017993,
        -0.0016118320636451244,
        -0.0024031358771026134
      ],
      "D": 1.5409960746765137,
      "y_skip_expected": [
        2.7127564829677757,
        2.868163524014017,
        -0.1648353063161756,
        1.167564699386407,
        2.295703642554271,
        -3.928406284074652,
        3.4968203841143364,
        2.358755267531418,
        -1.3651837250843226,
        1.8961454997954932,
        -1.6104877842742926,
        -0.7788837578186576,
        -2.477257732207292,
        -0.7801314554042073,
        0.1039380641811717,
        -1.0382482172349023,
        0.27011838907048086,
        -1.3971791885198162,
        1.7489139363362467,
        -1.3459202288105987,
        -1.793313606505343,
        2.280661430628295,
        -1.6538449129874122,
        0.32079262517095236,
        0.014602409678740108,
        2.8995938374481276,
        -1.8049401282067197,
        2.961122552610247,
        -1.3270822127963888,
        1.4573278127874831,
        0.5794070805021589,
        -1.0680445925692565
      ],
      "y_act": [
        -0.05077945441007614,
        0.1301322728395462,
        -0.08175501972436905,
        0.02447085827589035,
        0.14781318604946136,
        0.023021381348371506,
        0.1516592800617218,
        0.14245440065860748,
        -0.07995910942554474,
        0.13561955094337463,
        -0.023855527862906456,
        -0.006233905907720327,
        0.0012636409373953938,
        -0.074912428855896,
        0.02497764490544796,
        0.01603192649781704,
        0.009474503807723522,
        -0.01590423285961151,
        0.053074777126312256,
        -0.017470622435212135,
        0.028568442910909653,
        0.17485801875591278,
        -0.02849089354276657,
        -0.0189551692456007,
        -8.391842129640281e-05,
        0.04775238782167435,
        0.03887728229165077,
        0.14088933169841766,
        -0.014581297524273396,
        -0.020926179364323616,
        -0.14101378619670868,
        -0.08937530964612961
      ]
    },
    {
      "x": [
        0.4001572083672233,
        -0.977277879876411,
        0.41059850193837233,
        0.12167501649282841,
        -0.20515826376580087,
        0.6536185954403606,
        -1.4543656745987648,
        1.469358769900285,
        -1.980796468223927,
        1.2023798487844113,
        -1.4200179371789752,
        -0.4380743016111864,
        -0.2127402802139687,
        -1.180632184122412,
        0.3024718977397814,
        -0.3595531615405413,
        -0.4017809362082619,
        0.05194539579613895,
        -1.2348258203536526,
        -0.5788496647644155,
        0.9008264869541871,
        1.8958891760305832,
        1.0544517269311366,
        0.9766390364837128,
        1.7858704939058352,
        -1.3477590611424464,
        1.9436211856492926,
        1.4805147914344243,
        1.9100649530990337,
        -0.1550100930908342,
        -1.0994007905841945,
        -0.14963454032767076
      ],
      "coeffs": [
        -0.018971195444464684,
        -0.011978254653513432,
        -0.004231363069266081,
        0.0036553721874952316,
        0.011003637686371803,
        0.017139649018645287,
        0.021468481048941612,
        0.02354455552995205,
        0.02312910556793213,
        0.02022663690149784,
        0.01509526651352644,
        0.008228687569499016,
        0.00031130580464378,
        -0.007848666980862617,
        -0.015400637872517109,
        -0.021538447588682175
      ],
      "D": -0.293428897857666,
      "y_skip_expected": [
        -0.1250091492294407,
        0.30050851591223765,
        -0.11825813743624292,
        -0.037331598862055865,
        0.06172748562912816,
        -0.2046420907043147,
        0.44418627376902675,
        -0.44830544782180465,
        0.604632427439074,
        -0.361985080809036,
        0.4323938854834536,
        0.14163810748222594,
        0.06566257054340338,
        0.35736214500116964,
        -0.10487565608449051,
        0.078930227163194,
        0.0932394543808257,
        -0.07920996036374454,
        0.3223571507089684,
        0.13402923714879053,
        -0.33010902361860056,
        -0.6373340820740143,
        -0.42255807041762006,
        -0.3449564021999177,
        -0.6148025285234087,
        0.4229413882388874,
        -0.5596830782150681,
        -0.40344033132342977,
        -0.5095413065244079,
        0.1333226952023454,
        0.4869713783603472,
        0.22758352422117387
      ],